[{"model": "maze.block", "pk": 1, "fields": {"name": "maze_moveForward"}}, {"model": "maze.block", "pk": 2, "fields": {"name": "maze_turn"}}, {"model": "maze.block", "pk": 3, "fields": {"name": "maze_if"}}, {"model": "maze.block", "pk": 4, "fields": {"name": "maze_ifElse"}}, {"model": "maze.block", "pk": 5, "fields": {"name": "maze_forever"}}, {"model": "maze.pixel", "pk": 1, "fields": {"name": "Pegman", "sprite": "sprites/pegman_50.png", "downIndex": 8, "clockWise": true, "nbHPix": 16, "nbVPix": 1, "icon": "pegman_ico.jpg"}}, {"model": "maze.pixel", "pk": 2, "fields": {"name": "Astro", "sprite": "sprites/astro_50.png", "downIndex": 8, "clockWise": true, "nbHPix": 16, "nbVPix": 1, "icon": "astro_ico.jpg"}}, {"model": "maze.character", "pk": 1, "fields": {"name": "Pegman", "posX": 50, "posY": 50, "direction": "right", "pixel": 1, "niveau": 1}}, {"model": "maze.character", "pk": 2, "fields": {"name": "Astro", "posX": 150, "posY": 150, "direction": "left", "pixel": 2, "niveau": 1}}, {"model": "maze.character", "pk": 3, "fields": {"name": "Pegman", "posX": 50, "posY": 50, "direction": "down", "pixel": 1, "niveau": 2}}, {"model": "maze.character", "pk": 4, "fields": {"name": "Astro", "posX": 400, "posY": 400, "direction": "up", "pixel": 2, "niveau": 2}}, {"model": "maze.character", "pk": 5, "fields": {"name": "Pegman", "posX": 50, "posY": 250, "direction": "right", "pixel": 1, "niveau": 3}}, {"model": "maze.character", "pk": 6, "fields": {"name": "Astro", "posX": 250, "posY": 50, "direction": "left", "pixel": 2, "niveau": 3}}, {"model": "maze.character", "pk": 7, "fields": {"name": "Astro", "posX": 100, "posY": 400, "direction": "right", "pixel": 2, "niveau": 5}}, {"model": "maze.character", "pk": 8, "fields": {"name": "Pegman", "posX": 350, "posY": 50, "direction": "left", "pixel": 1, "niveau": 5}}, {"model": "maze.character", "pk": 9, "fields": {"name": "Pegman", "posX": 50, "posY": 400, "direction": "right", "pixel": 1, "niveau": 6}}, {"model": "maze.character", "pk": 10, "fields": {"name": "Astro", "posX": 150, "posY": 50, "direction": "left", "pixel": 2, "niveau": 6}}, {"model": "maze.character", "pk": 11, "fields": {"name": "Pegman", "posX": 500, "posY": 50, "direction": "left", "pixel": 1, "niveau": 7}}, {"model": "maze.character", "pk": 12, "fields": {"name": "Astro", "posX": 50, "posY": 500, "direction": "right", "pixel": 2, "niveau": 7}}, {"model": "maze.character", "pk": 13, "fields": {"name": "Pegman", "posX": 100, "posY": 600, "direction": "up", "pixel": 1, "niveau": 8}}, {"model": "maze.character", "pk": 14, "fields": {"name": "Astro", "posX": 400, "posY": 50, "direction": "down", "pixel": 2, "niveau": 8}}, {"model": "maze.character", "pk": 15, "fields": {"name": "Pegman", "posX": 50, "posY": 450, "direction": "right", "pixel": 1, "niveau": 9}}, {"model": "maze.character", "pk": 16, "fields": {"name": "Astro", "posX": 450, "posY": 50, "direction": "left", "pixel": 2, "niveau": 9}}, {"model": "maze.character", "pk": 17, "fields": {"name": "Pegman", "posX": 300, "posY": 550, "direction": "right", "pixel": 1, "niveau": 10}}, {"model": "maze.character", "pk": 18, "fields": {"name": "Astro", "posX": 100, "posY": 50, "direction": "left", "pixel": 2, "niveau": 10}}, {"model": "maze.character", "pk": 19, "fields": {"name": "Pegman", "posX": 50, "posY": 600, "direction": "right", "pixel": 1, "niveau": 11}}, {"model": "maze.character", "pk": 20, "fields": {"name": "Astro", "posX": 400, "posY": 50, "direction": "left", "pixel": 2, "niveau": 11}}, {"model": "maze.level", "pk": 1, "fields": {"name": "Niveau 01 - 2 joueur", "lvl_map": "[[\"I\",\"H\",\"H\",\"H\",\"I\"],[\"I\",\"_\",\"_\",\"X\",\"I\"],[\"I\",\"H\",\"H\",\"H\",\"I\"],[\"I\",\"X\",\"_\",\"_\",\"I\"],[\"I\",\"I\",\"I\",\"I\",\"I\"]]", "maxBlocks": 0, "blocks": [1]}}, {"model": "maze.level", "pk": 2, "fields": {"name": "D\u00e9mo", "lvl_map": "[[\"I\",\"H\",\"H\",\"H\",\"H\",\"H\",\"H\",\"H\",\"H\",\"I\"],[\"I\",\"_\",\"_\",\"_\",\"_\",\"_\",\"_\",\"_\",\"_\",\"I\"],[\"I\",\"_\",\"_\",\"_\",\"_\",\"_\",\"_\",\"_\",\"_\",\"I\"],[\"I\",\"_\",\"_\",\"H\",\"_\",\"_\",\"H\",\"_\",\"_\",\"I\"],[\"I\",\"_\",\"_\",\"_\",\"X\",\"X\",\"_\",\"_\",\"_\",\"I\"],[\"I\",\"_\",\"_\",\"_\",\"X\",\"X\",\"_\",\"_\",\"_\",\"I\"],[\"I\",\"_\",\"_\",\"H\",\"_\",\"_\",\"H\",\"_\",\"_\",\"I\"],[\"I\",\"_\",\"_\",\"_\",\"_\",\"_\",\"_\",\"_\",\"_\",\"I\"],[\"I\",\"_\",\"_\",\"_\",\"_\",\"_\",\"_\",\"_\",\"_\",\"I\"],[\"I\",\"I\",\"I\",\"I\",\"I\",\"I\",\"I\",\"I\",\"I\",\"I\"]]", "maxBlocks": 10, "blocks": [1, 2, 3, 4, 5]}}, {"model": "maze.level", "pk": 3, "fields": {"name": "Niveau 02 - 2 joueurs", "lvl_map": "[[\"I\",\"H\",\"H\",\"I\",\"H\",\"H\",\"I\"],[\"I\",\"_\",\"_\",\"H\",\"_\",\"_\",\"I\"],[\"I\",\"_\",\"I\",\"X\",\"_\",\"I\",\"I\"],[\"I\",\"I\",\"H\",\"H\",\"I\",\"H\",\"I\"],[\"I\",\"H\",\"_\",\"X\",\"H\",\"_\",\"I\"],[\"I\",\"_\",\"_\",\"I\",\"_\",\"_\",\"I\"],[\"I\",\"I\",\"I\",\"I\",\"I\",\"I\",\"I\"]]", "maxBlocks": 0, "blocks": [1, 2]}}, {"model": "maze.level", "pk": 4, "fields": {"name": "Niveau 03 - 2 joueurs", "lvl_map": "[[\"I\",\"H\",\"H\",\"H\",\"H\",\"H\",\"I\"],[\"I\",\"_\",\"_\",\"_\",\"_\",\"X\",\"I\"],[\"I\",\"H\",\"H\",\"H\",\"H\",\"H\",\"I\"],[\"I\",\"X\",\"_\",\"_\",\"_\",\"_\",\"I\"],[\"I\",\"I\",\"I\",\"I\",\"I\",\"I\",\"I\"]]", "maxBlocks": 2, "blocks": [1, 2, 5]}}, {"model": "maze.level", "pk": 5, "fields": {"name": "Niveau 04 - 2 joueurs", "lvl_map": "[[\"I\",\"H\",\"H\",\"H\",\"H\",\"I\",\"H\",\"H\",\"I\",\"I\"],[\"I\",\"_\",\"_\",\"_\",\"_\",\"H\",\"_\",\"_\",\"H\",\"I\"],[\"I\",\"_\",\"_\",\"_\",\"H\",\"_\",\"_\",\"H\",\"_\",\"I\"],[\"I\",\"_\",\"_\",\"H\",\"_\",\"_\",\"H\",\"_\",\"_\",\"I\"],[\"I\",\"_\",\"H\",\"_\",\"_\",\"H\",\"X\",\"_\",\"H\",\"I\"],[\"I\",\"H\",\"_\",\"X\",\"H\",\"_\",\"_\",\"H\",\"_\",\"I\"],[\"I\",\"_\",\"_\",\"H\",\"_\",\"_\",\"H\",\"_\",\"_\",\"I\"],[\"I\",\"_\",\"H\",\"_\",\"_\",\"H\",\"_\",\"_\",\"_\",\"I\"],[\"I\",\"I\",\"_\",\"_\",\"I\",\"_\",\"_\",\"_\",\"_\",\"I\"],[\"I\",\"I\",\"I\",\"I\",\"I\",\"I\",\"I\",\"I\",\"I\",\"I\"]]", "maxBlocks": 5, "blocks": [1, 2, 5]}}, {"model": "maze.level", "pk": 6, "fields": {"name": "Niveau 05 - 2 joueurs", "lvl_map": "[[\"I\",\"H\",\"H\",\"H\",\"I\"],[\"I\",\"_\",\"_\",\"_\",\"I\"],[\"I\",\"_\",\"I\",\"H\",\"I\"],[\"I\",\"_\",\"I\",\"X\",\"I\"],[\"I\",\"_\",\"I\",\"_\",\"I\"],[\"I\",\"_\",\"I\",\"_\",\"I\"],[\"I\",\"X\",\"I\",\"_\",\"I\"],[\"I\",\"H\",\"H\",\"_\",\"I\"],[\"I\",\"_\",\"_\",\"_\",\"I\"],[\"I\",\"I\",\"I\",\"I\",\"I\"]]", "maxBlocks": 5, "blocks": [1, 2, 5]}}, {"model": "maze.level", "pk": 7, "fields": {"name": "Niveau 06 - 2 joueurs", "lvl_map": "[[\"I\",\"H\",\"H\",\"H\",\"H\",\"I\",\"H\",\"H\",\"H\",\"H\",\"H\",\"I\"],[\"I\",\"_\",\"_\",\"_\",\"_\",\"I\",\"_\",\"_\",\"_\",\"_\",\"_\",\"I\"],[\"I\",\"_\",\"_\",\"_\",\"_\",\"I\",\"_\",\"I\",\"H\",\"H\",\"H\",\"I\"],[\"I\",\"_\",\"_\",\"_\",\"_\",\"I\",\"_\",\"I\",\"X\",\"_\",\"_\",\"I\"],[\"I\",\"_\",\"_\",\"_\",\"_\",\"I\",\"_\",\"H\",\"H\",\"H\",\"_\",\"I\"],[\"I\",\"H\",\"H\",\"H\",\"H\",\"H\",\"_\",\"_\",\"_\",\"_\",\"_\",\"I\"],[\"I\",\"_\",\"_\",\"_\",\"_\",\"_\",\"I\",\"H\",\"H\",\"H\",\"H\",\"I\"],[\"I\",\"_\",\"H\",\"H\",\"I\",\"_\",\"I\",\"_\",\"_\",\"_\",\"_\",\"I\"],[\"I\",\"_\",\"_\",\"X\",\"I\",\"_\",\"I\",\"_\",\"_\",\"_\",\"_\",\"I\"],[\"I\",\"H\",\"H\",\"H\",\"H\",\"_\",\"I\",\"_\",\"_\",\"_\",\"_\",\"I\"],[\"I\",\"_\",\"_\",\"_\",\"_\",\"_\",\"I\",\"_\",\"_\",\"_\",\"_\",\"I\"],[\"I\",\"I\",\"I\",\"I\",\"I\",\"I\",\"I\",\"I\",\"I\",\"I\",\"I\",\"I\"]]", "maxBlocks": 5, "blocks": [1, 2, 3, 5]}}, {"model": "maze.level", "pk": 8, "fields": {"name": "Niveau 07 - 2 joueurs", "lvl_map": "[[\"I\",\"H\",\"H\",\"I\",\"H\",\"H\",\"H\",\"I\",\"H\",\"I\",\"I\"],[\"I\",\"_\",\"_\",\"I\",\"_\",\"_\",\"_\",\"I\",\"_\",\"I\",\"I\"],[\"I\",\"_\",\"_\",\"I\",\"_\",\"H\",\"_\",\"I\",\"_\",\"I\",\"I\"],[\"I\",\"_\",\"_\",\"I\",\"_\",\"_\",\"X\",\"I\",\"_\",\"I\",\"I\"],[\"I\",\"_\",\"_\",\"I\",\"_\",\"H\",\"H\",\"H\",\"_\",\"H\",\"I\"],[\"I\",\"_\",\"_\",\"I\",\"_\",\"_\",\"_\",\"_\",\"_\",\"_\",\"I\"],[\"I\",\"H\",\"_\",\"H\",\"_\",\"I\",\"H\",\"_\",\"H\",\"_\",\"I\"],[\"I\",\"_\",\"H\",\"_\",\"H\",\"H\",\"_\",\"I\",\"_\",\"H\",\"I\"],[\"I\",\"_\",\"_\",\"_\",\"_\",\"_\",\"_\",\"I\",\"_\",\"_\",\"I\"],[\"I\",\"I\",\"_\",\"I\",\"H\",\"H\",\"_\",\"I\",\"_\",\"_\",\"I\"],[\"I\",\"I\",\"_\",\"I\",\"X\",\"_\",\"_\",\"I\",\"_\",\"_\",\"I\"],[\"I\",\"I\",\"_\",\"I\",\"_\",\"H\",\"_\",\"I\",\"_\",\"_\",\"I\"],[\"I\",\"I\",\"_\",\"I\",\"_\",\"_\",\"_\",\"I\",\"_\",\"_\",\"I\"],[\"I\",\"I\",\"I\",\"I\",\"I\",\"I\",\"I\",\"I\",\"I\",\"I\",\"I\"]]", "maxBlocks": 5, "blocks": [1, 2, 3, 5]}}, {"model": "maze.level", "pk": 9, "fields": {"name": "Niveau 08 - 2 joueurs", "lvl_map": "[[\"I\",\"H\",\"H\",\"H\",\"I\",\"H\",\"I\",\"H\",\"H\",\"H\",\"I\"],[\"I\",\"_\",\"_\",\"_\",\"I\",\"X\",\"I\",\"_\",\"_\",\"_\",\"I\"],[\"I\",\"_\",\"_\",\"_\",\"I\",\"_\",\"I\",\"_\",\"H\",\"H\",\"I\"],[\"I\",\"_\",\"_\",\"_\",\"I\",\"_\",\"H\",\"_\",\"_\",\"_\",\"I\"],[\"I\",\"H\",\"H\",\"H\",\"H\",\"_\",\"_\",\"H\",\"H\",\"_\",\"I\"],[\"I\",\"_\",\"_\",\"_\",\"_\",\"H\",\"_\",\"_\",\"_\",\"_\",\"I\"],[\"I\",\"_\",\"H\",\"H\",\"_\",\"_\",\"I\",\"H\",\"H\",\"H\",\"I\"],[\"I\",\"_\",\"_\",\"_\",\"I\",\"_\",\"I\",\"_\",\"_\",\"_\",\"I\"],[\"I\",\"H\",\"H\",\"_\",\"I\",\"_\",\"I\",\"_\",\"_\",\"_\",\"I\"],[\"I\",\"_\",\"_\",\"_\",\"I\",\"X\",\"I\",\"_\",\"_\",\"_\",\"I\"],[\"I\",\"I\",\"I\",\"I\",\"I\",\"I\",\"I\",\"I\",\"I\",\"I\",\"I\"]]", "maxBlocks": 10, "blocks": [1, 2, 3, 5]}}, {"model": "maze.level", "pk": 10, "fields": {"name": "Niveau 09 - 2 joueurs", "lvl_map": "[[\"I\",\"H\",\"H\",\"I\",\"H\",\"I\",\"H\",\"I\",\"I\"],[\"I\",\"_\",\"_\",\"H\",\"_\",\"H\",\"_\",\"H\",\"I\"],[\"I\",\"_\",\"H\",\"_\",\"_\",\"_\",\"_\",\"_\",\"I\"],[\"I\",\"_\",\"_\",\"H\",\"_\",\"H\",\"_\",\"H\",\"I\"],[\"I\",\"_\",\"_\",\"_\",\"_\",\"_\",\"_\",\"X\",\"I\"],[\"I\",\"I\",\"H\",\"H\",\"H\",\"_\",\"H\",\"I\",\"I\"],[\"I\",\"I\",\"_\",\"_\",\"_\",\"_\",\"_\",\"I\",\"I\"],[\"I\",\"H\",\"H\",\"_\",\"H\",\"H\",\"H\",\"H\",\"I\"],[\"I\",\"X\",\"_\",\"_\",\"_\",\"_\",\"_\",\"_\",\"I\"],[\"I\",\"H\",\"_\",\"H\",\"_\",\"H\",\"_\",\"_\",\"I\"],[\"I\",\"_\",\"_\",\"_\",\"_\",\"_\",\"H\",\"_\",\"I\"],[\"I\",\"I\",\"_\",\"I\",\"_\",\"I\",\"_\",\"_\",\"I\"],[\"I\",\"I\",\"I\",\"I\",\"I\",\"I\",\"I\",\"I\",\"I\"]]", "maxBlocks": 7, "blocks": [1, 2, 3, 4, 5]}}, {"model": "maze.level", "pk": 11, "fields": {"name": "Niveau 10 - 2 joueurs", "lvl_map": "[[\"I\",\"H\",\"I\",\"H\",\"I\",\"H\",\"H\",\"H\",\"H\",\"I\"],[\"I\",\"_\",\"I\",\"_\",\"I\",\"_\",\"_\",\"_\",\"_\",\"I\"],[\"I\",\"_\",\"I\",\"_\",\"H\",\"H\",\"_\",\"H\",\"H\",\"I\"],[\"I\",\"_\",\"H\",\"_\",\"_\",\"_\",\"_\",\"_\",\"_\",\"I\"],[\"I\",\"_\",\"_\",\"H\",\"_\",\"H\",\"_\",\"H\",\"_\",\"I\"],[\"I\",\"_\",\"I\",\"_\",\"_\",\"_\",\"I\",\"_\",\"_\",\"I\"],[\"I\",\"H\",\"H\",\"_\",\"H\",\"X\",\"H\",\"_\",\"_\",\"I\"],[\"I\",\"_\",\"_\",\"I\",\"X\",\"H\",\"_\",\"I\",\"H\",\"I\"],[\"I\",\"_\",\"_\",\"H\",\"_\",\"_\",\"_\",\"H\",\"_\",\"I\"],[\"I\",\"_\",\"H\",\"_\",\"H\",\"_\",\"H\",\"_\",\"_\",\"I\"],[\"I\",\"_\",\"_\",\"_\",\"_\",\"_\",\"_\",\"I\",\"_\",\"I\"],[\"I\",\"H\",\"H\",\"_\",\"H\",\"I\",\"_\",\"I\",\"_\",\"I\"],[\"I\",\"_\",\"_\",\"_\",\"_\",\"I\",\"_\",\"I\",\"_\",\"I\"],[\"I\",\"I\",\"I\",\"I\",\"I\",\"I\",\"I\",\"I\",\"I\",\"I\"]]", "maxBlocks": 10, "blocks": [1, 2, 3, 4, 5]}}, {"model": "contenttypes.contenttype", "pk": 1, "fields": {"app_label": "maze", "model": "block"}}, {"model": "contenttypes.contenttype", "pk": 2, "fields": {"app_label": "maze", "model": "pixel"}}, {"model": "contenttypes.contenttype", "pk": 3, "fields": {"app_label": "maze", "model": "level"}}, {"model": "contenttypes.contenttype", "pk": 4, "fields": {"app_label": "maze", "model": "character"}}, {"model": "contenttypes.contenttype", "pk": 5, "fields": {"app_label": "game", "model": "game"}}, {"model": "contenttypes.contenttype", "pk": 6, "fields": {"app_label": "admin", "model": "logentry"}}, {"model": "contenttypes.contenttype", "pk": 7, "fields": {"app_label": "auth", "model": "permission"}}, {"model": "contenttypes.contenttype", "pk": 8, "fields": {"app_label": "auth", "model": "group"}}, {"model": "contenttypes.contenttype", "pk": 9, "fields": {"app_label": "auth", "model": "user"}}, {"model": "contenttypes.contenttype", "pk": 10, "fields": {"app_label": "contenttypes", "model": "contenttype"}}, {"model": "contenttypes.contenttype", "pk": 11, "fields": {"app_label": "sessions", "model": "session"}}, {"model": "sessions.session", "pk": "rz6bvlvo8iu8borwf4hbxnzpcvb2zwaa", "fields": {"session_data": "NTNhNzdhN2RjOGIwMjE4ODAzNjYxZDRkODVhMTkzZTE1NmRlNmM0Yzp7Il9hdXRoX3VzZXJfaWQiOiIyIiwiX2F1dGhfdXNlcl9iYWNrZW5kIjoiZGphbmdvLmNvbnRyaWIuYXV0aC5iYWNrZW5kcy5Nb2RlbEJhY2tlbmQiLCJfYXV0aF91c2VyX2hhc2giOiJkMjdmNzg3ZjM1ZTgyOTU1ZjY5OWU1ZGUyZTY1NTdhY2ZkODAzYzUzIn0=", "expire_date": "2019-05-07T10:53:15.898Z"}}, {"model": "sessions.session", "pk": "w5z8q905ub4dn34qblcj5w7cty811eut", "fields": {"session_data": "MzFkMmRkMGQ5NmIwYTBmMDgxZDE2YzMyYWEwOTk1OGYwNmFmMjI1OTp7Il9hdXRoX3VzZXJfaWQiOiIxIiwiX2F1dGhfdXNlcl9iYWNrZW5kIjoiZGphbmdvLmNvbnRyaWIuYXV0aC5iYWNrZW5kcy5Nb2RlbEJhY2tlbmQiLCJfYXV0aF91c2VyX2hhc2giOiI3ODI2ZmQyZjExZTc1OGI5NmZlNTAyNmYwMTA0OTk5NTRhYjI4MTFkIn0=", "expire_date": "2019-05-07T10:47:36.222Z"}}, {"model": "auth.permission", "pk": 1, "fields": {"name": "Can add block", "content_type": 1, "codename": "add_block"}}, {"model": "auth.permission", "pk": 2, "fields": {"name": "Can change block", "content_type": 1, "codename": "change_block"}}, {"model": "auth.permission", "pk": 3, "fields": {"name": "Can delete block", "content_type": 1, "codename": "delete_block"}}, {"model": "auth.permission", "pk": 4, "fields": {"name": "Can view block", "content_type": 1, "codename": "view_block"}}, {"model": "auth.permission", "pk": 5, "fields": {"name": "Can add pixel", "content_type": 2, "codename": "add_pixel"}}, {"model": "auth.permission", "pk": 6, "fields": {"name": "Can change pixel", "content_type": 2, "codename": "change_pixel"}}, {"model": "auth.permission", "pk": 7, "fields": {"name": "Can delete pixel", "content_type": 2, "codename": "delete_pixel"}}, {"model": "auth.permission", "pk": 8, "fields": {"name": "Can view pixel", "content_type": 2, "codename": "view_pixel"}}, {"model": "auth.permission", "pk": 9, "fields": {"name": "Can add level", "content_type": 3, "codename": "add_level"}}, {"model": "auth.permission", "pk": 10, "fields": {"name": "Can change level", "content_type": 3, "codename": "change_level"}}, {"model": "auth.permission", "pk": 11, "fields": {"name": "Can delete level", "content_type": 3, "codename": "delete_level"}}, {"model": "auth.permission", "pk": 12, "fields": {"name": "Can view level", "content_type": 3, "codename": "view_level"}}, {"model": "auth.permission", "pk": 13, "fields": {"name": "Can add character", "content_type": 4, "codename": "add_character"}}, {"model": "auth.permission", "pk": 14, "fields": {"name": "Can change character", "content_type": 4, "codename": "change_character"}}, {"model": "auth.permission", "pk": 15, "fields": {"name": "Can delete character", "content_type": 4, "codename": "delete_character"}}, {"model": "auth.permission", "pk": 16, "fields": {"name": "Can view character", "content_type": 4, "codename": "view_character"}}, {"model": "auth.permission", "pk": 17, "fields": {"name": "Can add game", "content_type": 5, "codename": "add_game"}}, {"model": "auth.permission", "pk": 18, "fields": {"name": "Can change game", "content_type": 5, "codename": "change_game"}}, {"model": "auth.permission", "pk": 19, "fields": {"name": "Can delete game", "content_type": 5, "codename": "delete_game"}}, {"model": "auth.permission", "pk": 20, "fields": {"name": "Can view game", "content_type": 5, "codename": "view_game"}}, {"model": "auth.permission", "pk": 21, "fields": {"name": "Can add log entry", "content_type": 6, "codename": "add_logentry"}}, {"model": "auth.permission", "pk": 22, "fields": {"name": "Can change log entry", "content_type": 6, "codename": "change_logentry"}}, {"model": "auth.permission", "pk": 23, "fields": {"name": "Can delete log entry", "content_type": 6, "codename": "delete_logentry"}}, {"model": "auth.permission", "pk": 24, "fields": {"name": "Can view log entry", "content_type": 6, "codename": "view_logentry"}}, {"model": "auth.permission", "pk": 25, "fields": {"name": "Can add permission", "content_type": 7, "codename": "add_permission"}}, {"model": "auth.permission", "pk": 26, "fields": {"name": "Can change permission", "content_type": 7, "codename": "change_permission"}}, {"model": "auth.permission", "pk": 27, "fields": {"name": "Can delete permission", "content_type": 7, "codename": "delete_permission"}}, {"model": "auth.permission", "pk": 28, "fields": {"name": "Can view permission", "content_type": 7, "codename": "view_permission"}}, {"model": "auth.permission", "pk": 29, "fields": {"name": "Can add group", "content_type": 8, "codename": "add_group"}}, {"model": "auth.permission", "pk": 30, "fields": {"name": "Can change group", "content_type": 8, "codename": "change_group"}}, {"model": "auth.permission", "pk": 31, "fields": {"name": "Can delete group", "content_type": 8, "codename": "delete_group"}}, {"model": "auth.permission", "pk": 32, "fields": {"name": "Can view group", "content_type": 8, "codename": "view_group"}}, {"model": "auth.permission", "pk": 33, "fields": {"name": "Can add user", "content_type": 9, "codename": "add_user"}}, {"model": "auth.permission", "pk": 34, "fields": {"name": "Can change user", "content_type": 9, "codename": "change_user"}}, {"model": "auth.permission", "pk": 35, "fields": {"name": "Can delete user", "content_type": 9, "codename": "delete_user"}}, {"model": "auth.permission", "pk": 36, "fields": {"name": "Can view user", "content_type": 9, "codename": "view_user"}}, {"model": "auth.permission", "pk": 37, "fields": {"name": "Can add content type", "content_type": 10, "codename": "add_contenttype"}}, {"model": "auth.permission", "pk": 38, "fields": {"name": "Can change content type", "content_type": 10, "codename": "change_contenttype"}}, {"model": "auth.permission", "pk": 39, "fields": {"name": "Can delete content type", "content_type": 10, "codename": "delete_contenttype"}}, {"model": "auth.permission", "pk": 40, "fields": {"name": "Can view content type", "content_type": 10, "codename": "view_contenttype"}}, {"model": "auth.permission", "pk": 41, "fields": {"name": "Can add session", "content_type": 11, "codename": "add_session"}}, {"model": "auth.permission", "pk": 42, "fields": {"name": "Can change session", "content_type": 11, "codename": "change_session"}}, {"model": "auth.permission", "pk": 43, "fields": {"name": "Can delete session", "content_type": 11, "codename": "delete_session"}}, {"model": "auth.permission", "pk": 44, "fields": {"name": "Can view session", "content_type": 11, "codename": "view_session"}}, {"model": "auth.user", "pk": 1, "fields": {"password": "pbkdf2_sha256$150000$2SqWfKdPJqY2$2U/luruZfG6queZ/NRPpBmeyWwNVJGxtwJ4kV7HVHFc=", "last_login": "2019-04-23T10:47:36.212Z", "is_superuser": true, "username": "fabien", "first_name": "", "last_name": "0", "email": "fabien@toune.be", "is_staff": true, "is_active": true, "date_joined": "2019-04-23T10:45:54.740Z", "groups": [], "user_permissions": []}}, {"model": "auth.user", "pk": 2, "fields": {"password": "pbkdf2_sha256$150000$r4O5YERDekw0$pWVNOZMiD+IvQB3OAMbKzCGGt9syMaaDDDAlAmV+yDg=", "last_login": "2019-04-23T10:53:15.890Z", "is_superuser": true, "username": "corine", "first_name": "", "last_name": "1", "email": "corine@toune.be", "is_staff": true, "is_active": true, "date_joined": "2019-04-23T10:46:10.470Z", "groups": [], "user_permissions": []}}, {"model": "admin.logentry", "pk": 1, "fields": {"action_time": "2019-04-23T10:47:55.318Z", "user": 1, "content_type": 1, "object_id": "1", "object_repr": "maze_moveForward", "action_flag": 1, "change_message": "[{\"added\": {}}]"}}, {"model": "admin.logentry", "pk": 2, "fields": {"action_time": "2019-04-23T10:48:03.037Z", "user": 1, "content_type": 1, "object_id": "2", "object_repr": "maze_turn", "action_flag": 1, "change_message": "[{\"added\": {}}]"}}, {"model": "admin.logentry", "pk": 3, "fields": {"action_time": "2019-04-23T10:48:07.949Z", "user": 1, "content_type": 1, "object_id": "3", "object_repr": "maze_if", "action_flag": 1, "change_message": "[{\"added\": {}}]"}}, {"model": "admin.logentry", "pk": 4, "fields": {"action_time": "2019-04-23T10:48:18.129Z", "user": 1, "content_type": 1, "object_id": "4", "object_repr": "maze_ifElse", "action_flag": 1, "change_message": "[{\"added\": {}}]"}}, {"model": "admin.logentry", "pk": 5, "fields": {"action_time": "2019-04-23T10:48:31.246Z", "user": 1, "content_type": 1, "object_id": "5", "object_repr": "maze_forever", "action_flag": 1, "change_message": "[{\"added\": {}}]"}}, {"model": "admin.logentry", "pk": 6, "fields": {"action_time": "2019-04-23T10:49:26.172Z", "user": 1, "content_type": 2, "object_id": "1", "object_repr": "Pegman", "action_flag": 1, "change_message": "[{\"added\": {}}]"}}, {"model": "game.game", "pk": 1, "fields": {"name": "Pegman", "level": 1, "is_over": true, "players": [1, 2]}}, {"model": "game.game", "pk": 2, "fields": {"name": "Demonstration", "level": 1, "is_over": true, "players": [1, 2]}}, {"model": "game.game", "pk": 3, "fields": {"name": "D\u00e9mo", "level": 2, "is_over": true, "players": [1, 2]}}, {"model": "game.game", "pk": 4, "fields": {"name": "Pegman", "level": 8, "is_over": true, "players": [1, 2]}}]